<?xml version="1.0" encoding="UTF-8" standalone="no"?>
<project default="create_run_jar" name="Create Runnable Jar for Project Covis">
    <!--this file was created by Eclipse Runnable JAR Export Wizard-->
    <!--ANT 1.7 is required                                        -->
    <target name="create_run_jar">
        <jar destfile="C:/meadow/home/workspace/AG2.jar" filesetmanifest="mergewithoutmain">
            <manifest>
                <attribute name="Built-By" value="${user.name}"/>
                <attribute name="Main-Class" value="jaist.css.covis.CoVisWindow"/>
                <attribute name="Class-Path" value="."/>
            </manifest>
            <fileset dir="C:/meadow/home/workspace/Covis/bin"/>
            <fileset dir="C:/meadow/home/workspace/Covis/res"/>
            <fileset dir="C:/meadow/home/workspace/common-miura/bin"/>
            <zipfileset excludes="META-INF/*.SF,META-INF/LICENSE*,build.xml" src="C:/meadow/home/workspace/common-miura/jlfgr-1_0.jar"/>
            <zipfileset excludes="META-INF/*.SF,META-INF/LICENSE*,build.xml" src="C:/meadow/home/workspace/common-miura/commons-codec-1.3.jar"/>
            <zipfileset excludes="META-INF/*.SF,META-INF/LICENSE*,build.xml" src="C:/meadow/home/workspace/common-miura/commons-httpclient-3.0.1.jar"/>
            <zipfileset excludes="META-INF/*.SF,META-INF/LICENSE*,build.xml" src="C:/meadow/home/workspace/common-miura/commons-logging-1.1.jar"/>
            <zipfileset excludes="META-INF/*.SF,META-INF/LICENSE*,build.xml" src="C:/meadow/home/workspace/common-miura/log4j-1.2.14.jar"/>
            <zipfileset excludes="META-INF/*.SF,META-INF/LICENSE*,build.xml" src="C:/meadow/home/workspace/common-miura/iText-2.1.4.jar"/>
            <fileset dir="C:/meadow/home/workspace/Piccolo/bin"/>
            <zipfileset excludes="META-INF/*.SF,META-INF/LICENSE*,build.xml" src="C:/meadow/home/workspace/Piccolo/ant.jar"/>
            <zipfileset excludes="META-INF/*.SF,META-INF/LICENSE*,build.xml" src="C:/meadow/home/workspace/Piccolo/junit.jar"/>
            <zipfileset excludes="META-INF/*.SF,META-INF/LICENSE*,build.xml" src="C:/meadow/home/workspace/Piccolo/swt.jar"/>
        </jar>
    	
    	<signjar jar="C:/meadow/home/workspace/AG2.jar" alias="miura" storepass="miuramo" keypass="miuramo" />

    	<scp file="C:/meadow/home/workspace/AG2.jar" todir="miuramo@ist.mns.kyutech.ac.jp:/home/miuramo/public_html/jws/ag2"
         keyfile="C:\Program Files (x86)\teraterm\id_rsa_nopass_io" passphrase="" trust="true"/>

    </target>
</project>
