<?xml version="1.0" encoding="UTF-8" standalone="no"?>
<project default="create_run_jar" name="Create Runnable Jar for Project Covis">
    <!--this file was created by Eclipse Runnable JAR Export Wizard-->
    <!--ANT 1.7 is required                                        -->
    <target name="create_run_jar">
        <jar destfile="../AG2auth.jar" filesetmanifest="mergewithoutmain">
            <manifest>
                <attribute name="Built-By" value="${user.name}"/>
                <attribute name="Main-Class" value="jaist.css.covis.CoVisWindow"/>
                <attribute name="Class-Path" value="."/>
            </manifest>
            <fileset dir="./bin"/>
            <fileset dir="./res"/>
        </jar>
    	<!-- Libraryは，without_auth をつかって更新すること！ -->
    	
    	<signjar jar="../AG2auth.jar" alias="miura" storepass="miuramo" keypass="miuramo" />

    	<scp file="../AG2auth.jar" todir="miuramo@ist.mns.kyutech.ac.jp:/home/miuramo/public_html/jws/ag2"
         keyfile="C:\Program Files (x86)\teraterm\id_rsa_nopass_io" passphrase="" trust="true"/>

    </target>
</project>
